"","x"
"1","achieve significant"
"2","adult violence"
"3","adult violence perpetrators"
"4","adult violence perpetrators consistently"
"5","adult violence perpetrators consistently demonstrate"
"6","affected systems"
"7","behavior change"
"8","biopsychosocial research"
"9","body-worn camera"
"10","brain development"
"11","chicago police"
"12","college student"
"13","college students"
"14","community leaders"
"15","community members"
"16","community relations"
"17","community relationship"
"18","conclusive findings"
"19","conflict resolution"
"20","consistently demonstrate"
"21","control condition"
"22","controlled trial"
"23","crime prevention"
"24","criminal justice"
"25","crisis management"
"26","crisis response"
"27","curtailing future"
"28","curtailing future violence"
"29","de-escalation skills"
"30","de-escalation training"
"31","developmental trajectory"
"32","domestic violence"
"33","early childhood"
"34","early interpersonal"
"35","early interpersonal trauma"
"36","early interpersonal trauma experience"
"37","early interpersonal violence"
"38","early interpersonal violence negatively"
"39","early interpersonal violence negatively impacts"
"40","early interpersonal violence predispose"
"41","early intervention"
"42","early trauma"
"43","early trauma greatly"
"44","early trauma greatly distorts"
"45","educational environment"
"46","elementary secondary"
"47","elementary secondary education"
"48","emotional abilities"
"49","emotional resilience"
"50","enforcement agencies"
"51","enforcement officers"
"52","escalation training"
"53","experienced early"
"54","experienced early interpersonal"
"55","experienced early interpersonal trauma"
"56","findings suggest"
"57","focus group"
"58","focus groups"
"59","force training"
"60","future violence"
"61","future violence perpetration"
"62","global violence"
"63","global violence interventions"
"64","greatly distorts"
"65","growing recognition"
"66","health approach"
"67","health frameworks"
"68","health services"
"69","higher education"
"70","impacts brain"
"71","impacts brain development"
"72","interpersonal skills"
"73","interpersonal trauma"
"74","interpersonal trauma experience"
"75","interpersonal violence"
"76","interpersonal violence negatively"
"77","interpersonal violence negatively impacts"
"78","interpersonal violence negatively impacts brain"
"79","interpersonal violence predispose"
"80","intervention program"
"81","intervention programming"
"82","intervention programming continues"
"83","intimate partner"
"84","intimate partner violence"
"85","judicial processes"
"86","judicial processes protect"
"87","judicial processes protect victims"
"88","justice system"
"89","juvenile justice"
"90","legal consequences"
"91","legal system"
"92","links early"
"93","links early interpersonal"
"94","links early interpersonal trauma"
"95","links early interpersonal trauma experience"
"96","literature unequivocally"
"97","literature unequivocally links"
"98","literature unequivocally links early"
"99","literature unequivocally links early interpersonal"
"100","mental health"
"101","mental health approach"
"102","multiple sites"
"103","negatively impacts"
"104","negatively impacts brain"
"105","negatively impacts brain development"
"106","normal developmental"
"107","normal developmental trajectory"
"108","overlook conclusive"
"109","overlook conclusive findings"
"110","paper outlines"
"111","partner violence"
"112","perpetrators consistently"
"113","perpetrators consistently demonstrate"
"114","police department"
"115","police officer"
"116","police officers"
"117","police reform"
"118","police school"
"119","police school relationship"
"120","police service"
"121","police training"
"122","position paper"
"123","position paper outlines"
"124","prevent violence"
"125","prevention efforts"
"126","prevention program"
"127","prevention programs"
"128","prevention strategies"
"129","prevention training"
"130","processes protect"
"131","processes protect victims"
"132","program evaluation"
"133","programming continues"
"134","programs struggle"
"135","protect victims"
"136","public health"
"137","public health frameworks"
"138","public policy"
"139","public school"
"140","public schools"
"141","randomized controlled"
"142","randomized controlled trial"
"143","randomly selected"
"144","reduce police"
"145","research funding"
"146","research literature"
"147","research literature unequivocally"
"148","research literature unequivocally links"
"149","research literature unequivocally links early"
"150","robust research"
"151","robust research literature"
"152","robust research literature unequivocally"
"153","robust research literature unequivocally links"
"154","school community"
"155","school community relationship"
"156","school district"
"157","school relationship"
"158","school safety"
"159","school security"
"160","school violence"
"161","school violence prevention"
"162","secondary education"
"163","secondary school"
"164","sexual violence"
"165","springer nature"
"166","student behavior"
"167","studies demonstrate"
"168","study examined"
"169","study examines"
"170","subsequent perpetration"
"171","sustained behavior"
"172","sustained behavior change"
"173","threat assessment"
"174","training program"
"175","trauma experience"
"176","trauma greatly"
"177","trauma greatly distorts"
"178","trauma-based framework"
"179","unaddressed early"
"180","unaddressed early trauma"
"181","unaddressed early trauma greatly"
"182","unaddressed early trauma greatly distorts"
"183","unequivocally links"
"184","unequivocally links early"
"185","unequivocally links early interpersonal"
"186","unequivocally links early interpersonal trauma"
"187","united states"
"188","violence intervention"
"189","violence interventions"
"190","violence negatively"
"191","violence negatively impacts"
"192","violence negatively impacts brain"
"193","violence negatively impacts brain development"
"194","violence perpetration"
"195","violence perpetrators"
"196","violence perpetrators consistently"
"197","violence perpetrators consistently demonstrate"
"198","violence predispose"
"199","violence prevention"
"200","violence prevention efforts"
"201","violence prevention program"
"202","violence prevention programs"
"203","violent behavior"
"204","violent crime"
"205","violent crimes"
"206","youth violence"
