group,term
x,achieve significant
outcome,adult violence
x,adult violence perpetrators
x,adult violence perpetrators consistently
x,adult violence perpetrators consistently demonstrate
x,affected systems
comparator,behavior change
x,biopsychosocial research
x,body-worn camera
x,brain development
population,chicago police
x,college student
x,college students
x,community leaders
x,community members
x,community relations
x,community relationship
x,conclusive findings
intervention,conflict resolution
x,consistently demonstrate
x,control condition
x,controlled trial
intervention,crime prevention
population,criminal justice
intervention,crisis management
intervention,crisis response
x,curtailing future
intervention,curtailing future violence
"intervention, comparator",de-escalation skills
"intervention, comparator",de-escalation training
x,developmental trajectory
x,domestic violence
x,early childhood
x,early interpersonal
x,early interpersonal trauma
x,early interpersonal trauma experience
x,early interpersonal violence
x,early interpersonal violence negatively
x,early interpersonal violence negatively impacts
x,early interpersonal violence predispose
x,early intervention
x,early trauma
x,early trauma greatly
x,early trauma greatly distorts
x,educational environment
x,elementary secondary
x,elementary secondary education
intervention,emotional abilities
intervention,emotional resilience
population,enforcement agencies
population,enforcement officers
"intervention, comparator",escalation training
x,experienced early
x,experienced early interpersonal
x,experienced early interpersonal trauma
x,findings suggest
x,focus group
x,focus groups
comparator,force training
outcome,future violence
outcome,future violence perpetration
x,global violence
x,global violence interventions
x,greatly distorts
x,growing recognition
x,health approach
x,health frameworks
x,health services
x,higher education
x,impacts brain
x,impacts brain development
x,interpersonal skills
x,interpersonal trauma
x,interpersonal trauma experience
x,interpersonal violence
x,interpersonal violence negatively
x,interpersonal violence negatively impacts
x,interpersonal violence negatively impacts brain
x,interpersonal violence predispose
comparator,intervention program
x,intervention programming
x,intervention programming continues
x,intimate partner
x,intimate partner violence
x,judicial processes
x,judicial processes protect
x,judicial processes protect victims
population,justice system
x,juvenile justice
x,legal consequences
population,legal system
x,links early
x,links early interpersonal
x,links early interpersonal trauma
x,links early interpersonal trauma experience
x,literature unequivocally
x,literature unequivocally links
x,literature unequivocally links early
x,literature unequivocally links early interpersonal
x,mental health
intervention,mental health approach
x,multiple sites
x,negatively impacts
x,negatively impacts brain
x,negatively impacts brain development
x,normal developmental
x,normal developmental trajectory
x,overlook conclusive
x,overlook conclusive findings
x,paper outlines
x,partner violence
x,perpetrators consistently
x,perpetrators consistently demonstrate
population,police department
population,police officer
population,police officers
x,police reform
x,police school
x,police school relationship
population,police service
"population, comparator",police training
x,position paper
x,position paper outlines
outcome,prevent violence
intervention,prevention efforts
comparator,prevention program
comparator,prevention programs
comparator,prevention strategies
comparator,prevention training
x,processes protect
x,processes protect victims
x,program evaluation
x,programming continues
x,programs struggle
x,protect victims
x,public health
x,public health frameworks
x,public policy
x,public school
x,public schools
x,randomized controlled
x,randomized controlled trial
x,randomly selected
x,reduce police
x,research funding
x,research literature
x,research literature unequivocally
x,research literature unequivocally links
x,research literature unequivocally links early
x,robust research
x,robust research literature
x,robust research literature unequivocally
x,robust research literature unequivocally links
x,school community
x,school community relationship
x,school district
x,school relationship
x,school safety
x,school security
x,school violence
x,school violence prevention
x,secondary education
x,secondary school
x,sexual violence
x,springer nature
x,student behavior
x,studies demonstrate
x,study examined
x,study examines
outcome,subsequent perpetration
x,sustained behavior
x,sustained behavior change
x,threat assessment
comparator,training program
x,trauma experience
x,trauma greatly
x,trauma greatly distorts
x,trauma-based framework
x,unaddressed early
x,unaddressed early trauma
x,unaddressed early trauma greatly
x,unaddressed early trauma greatly distorts
x,unequivocally links
x,unequivocally links early
x,unequivocally links early interpersonal
x,unequivocally links early interpersonal trauma
x,united states
"intervention, comparator",violence intervention
"intervention, comparator",violence interventions
x,violence negatively
x,violence negatively impacts
x,violence negatively impacts brain
x,violence negatively impacts brain development
outcome,violence perpetration
outcome,violence perpetrators
x,violence perpetrators consistently
x,violence perpetrators consistently demonstrate
x,violence predispose
intervention,violence prevention
"intervention, comparator",violence prevention efforts
"intervention, comparator",violence prevention program
"intervention, comparator",violence prevention programs
outcome,violent behavior
x,violent crime
x,violent crimes
x,youth violence
